Produto;Refer?ncia;Saldo;
2 QUEIJOS;;69,0000
A?ai no Kg;;-3,0000
ACAI POTE 1L;;-39,0000
ACEM KG;;-2,9500
Ag. Puro Coco 200Ml;62;-11,0000
?gua;;10,0000
Agua Mineral;ag123;-123,0000
Agua RCM 500ml;;-10,0000
Agua RCM 500ml;;0,0000
Alcool em Gel RCM;;-4,0000
Alface;5;-18,0000
Algod?o;;0,0500
Amaciante Confort Explos?O Azul 1,8L;84;-524,0000
Amendoim Doce Efat? 48G;100;-2,0000
Amendoim Japones Elma Chips;123;-13,0000
Amendoim Sem Pele Elma Chips;110;-30,0000
AMOSTRA GR?TIS;;687,0000
Azeitona;47;3,5000
Azeitona Preta;48;-8,0000
Bacon;14;-15,0000
Bala;;-1,0000
Balde De Batata Frita Especial com Cheddar Tamanho Grande 2 Kgs Extra Flavor;29;-45,0000
Bananinha;;49,0000
Barr Choc Linea Zero Dark;65;16,0000
Batata Especial Com Catupiry;28;-18,0000
Batata Frita | Grande;32;-39,0000
Batata Frita | Grande;33;0,0000
Batata Frita | M?dio;32;-16,0000
Batata Ondulada Alho Na Manteiga Mix 36G;141;-8,0000
Batata Ondulada Cebola E Salsa Mix 36G;133;30,0000
Batata Ondulada Cebola E Salsa Mix 36G;140;-3,0000
Batata Ondulada Cheddar C/ Bacon Mix 36G;76;-4,0000
Batata Ondulada Churrasco Mix 36G;136;-2,0000
Batata Ondulada Churrasco Mix 36G.;126;-4,0000
Batata Ondulada Costelinha Com Lim?o Mix 36G;132;0,0000
Batata Ondulada Frango Grelhado Mix 36G;127;-7,0000
Batata Ondulada Frango Grelhado Mix 36G;137;0,0000
Batata Ondulada Mix Cheddar Com Bacon 36G;134;-1,0000
Batata Ondulada Original  Mix 36G;139;0,0000
Batata Ondulada Original Mix;70;0,0000
Batata Ondulada Original Mix 36G;124;0,0000
Batata Palito Morixe Tradicional 400G;85;-4,0000
Bebida Lacta Whey 15G Italac 250Ml Chocolate;87;0,0000
Bermuda Praia Draw | Thxlg Vermelho | G;Thum0um02934;1,0000
Bermuda Praia Draw | Thxlg Vermelho | GG;Thum0um02934;0,0000
Bermuda Praia Draw | Thxlg Vermelho | M;Thum0um02934;0,0000
Bermuda Praia Draw | Thycf Branco Cl?ssico | G;Thum0um02934;1,0000
Bermuda Praia Draw | Thycf Branco Cl?ssico | GG;Thum0um02934;1,0000
Bermuda Praia Draw | Thycf Branco Cl?ssico | M;Thum0um02934;0,0000
Bermuda Praia Draw. | Thdw5 Azul Marinho | G;Thum0um02933;1,0000
Bermuda Praia Draw. | Thdw5 Azul Marinho | GG;Thum0um02933;1,0000
Bermuda Praia Draw. | Thdw5 Azul Marinho | M;Thum0um02933;0,0000
Bermuda Praia Draw. | Thxlg Vermelho | G;Thum0um02933;1,0000
Bermuda Praia Draw. | Thxlg Vermelho | GG;Thum0um02933;0,0000
Bermuda Praia Draw. | Thxlg Vermelho | M;Thum0um02933;0,0000
Big Burger Salad;24;-43,0000
Biquini Cortinha Regulagem | Cores | G;385;-6,0000
Biquini Cortinha Regulagem | Cores | M;384;-16,0000
Biquini Cortinha Regulagem | Cores | P;383;-12,0000
Biquini Cortinhina | Marrom Claro/Off | G;373;0,0000
Biquini Cortinhina | Marrom Claro/Off | M;372;-7,0000
Biquini Cortinhina | Marrom Claro/Off | P;371;0,0000
Biquini Cortinhina | Marrom/Off | G;376;0,0000
Biquini Cortinhina | Marrom/Off | M;375;0,0000
Biquini Cortinhina | Marrom/Off | P;374;-1,0000
Biquini Cortinhina | Off/Marrom | G;370;-1,0000
Biquini Cortinhina | Off/Marrom | M;369;0,0000
Biquini Cortinhina | Off/Marrom | P;368;0,0000
Biquini Cortinhina | Verde Claro/Off | G;379;0,0000
Biquini Cortinhina | Verde Claro/Off | M;378;0,0000
Biquini Cortinhina | Verde Claro/Off | P;377;0,0000
Biquini Cortinhina | Verde/Off | G;382;0,0000
Biquini Cortinhina | Verde/Off | M;381;0,0000
Biquini Cortinhina | Verde/Off | P;380;0,0000
Biquini Marina | Champagne | G;343;0,0000
Biquini Marina | Champagne | M;342;0,0000
Biquini Marina | Champagne | P;341;0,0000
Biquini Marina | Marrom | G;331;0,0000
Biquini Marina | Marrom | G;346;0,0000
Biquini Marina | Marrom | M;330;0,0000
Biquini Marina | Marrom | M;345;0,0000
Biquini Marina | Marrom | P;329;-1,0000
Biquini Marina | Marrom | P;344;0,0000
Biquini Marina | Marrom Textura | G;340;0,0000
Biquini Marina | Marrom Textura | M;339;0,0000
Biquini Marina | Marrom Textura | P;338;0,0000
Biquini Marina | Off | G;328;0,0000
Biquini Marina | Off | M;326;0,0000
Biquini Marina | Off | M;327;0,0000
Biquini Marina | Off | P;326;0,0000
Biquini Marina | Off Textura | G;337;0,0000
Biquini Marina | Off Textura | M;336;0,0000
Biquini Marina | Off Textura | P;335;0,0000
Biquini Marina | Preta | M;326;0,0000
Biquini Marina | Preta | P;326;0,0000
Biquini Marina | Preto | G;349;0,0000
Biquini Marina | Preto | M;348;0,0000
Biquini Marina | Preto | P;347;0,0000
Biquini Marina | Verde | G;352;0,0000
Biquini Marina | Verde | M;351;0,0000
Biquini Marina | Verde | P;350;0,0000
Biquini Marina | Verde Claro | G;334;0,0000
Biquini Marina | Verde Claro | M;333;0,0000
Biquini Marina | Verde Claro | P;332;0,0000
Biquini Nadia | Azul Claro | G;367;0,0000
Biquini Nadia | Azul Claro | M;366;0,0000
Biquini Nadia | Azul Claro | P;365;0,0000
Biquini Nadia Bi | Off/Marrom | G;355;0,0000
Biquini Nadia Bi | Off/Marrom | M;354;0,0000
Biquini Nadia Bi | Off/Marrom | P;353;0,0000
Biquini Nadia Bi | Preta/Off | G;364;0,0000
Biquini Nadia Bi | Preta/Off | M;363;0,0000
Biquini Nadia Bi | Preta/Off | P;362;0,0000
Biquini Nadia Bi | Verde Claro/Off | G;361;0,0000
Biquini Nadia Bi | Verde Claro/Off | M;360;0,0000
Biquini Nadia Bi | Verde Claro/Off | P;359;0,0000
Biquini Nadia Bi | Verde/Off | G;358;0,0000
Biquini Nadia Bi | Verde/Off | M;357;0,0000
Biquini Nadia Bi | Verde/Off | P;356;0,0000
Biquini Thais | Marrom/Off | G;388;0,0000
Biquini Thais | Marrom/Off | M;387;0,0000
Biquini Thais | Marrom/Off | P;386;0,0000
Biquini Thais | Preto/Off | G;394;-2,0000
Biquini Thais | Preto/Off | M;393;0,0000
Biquini Thais | Preto/Off | P;392;-1,0000
Biquini Thais | Verde/Off | G;391;0,0000
Biquini Thais | Verde/Off | M;390;0,0000
Biquini Thais | Verde/Off | P;389;0,0000
Bisc Leite Maltado Cobertura Chocolate Piraqu? 80G;91;-7,0000
Bisc Toddy Rech Choc 100G;66;-7,0000
Bisc Toddy Rech Morango 100G;71;-1,0000
Bisc Trakinas Limao 126G;96;-2,0000
Bisc. Cream Cracker Renata Integral 360G;79;0,0000
Bisc. Piraque Leite Maltado 160G;52;0,0000
Biscoito Maizena Marilan Chocolate 350G;93;-4,0000
Biscoito Piraque Brigadeiro 160G;60;-4,0000
Biscoito Piraque Limao 160G;88;0,0000
Biscoito Tri Maizena Chocolate 170G;77;0,0000
blusa  | Azul | 42;;-11,0000
blusa  | Azul | 44;;-1,0000
blusa  | vermelho | 42;;-4,0000
blusa  | vermelho | 44;;0,0000
BLUSA | Azul | 44;;0,0000
Blusa Prana | Cru;306;0,0000
Blusa Prana | Marrom;308;0,0000
Blusa Prana | Off;305;0,0000
Blusa Prana | Preta;309;-1,0000
Blusa Prana | Verde;307;0,0000
BOLA DA PA KG;;0,0000
Bolsa Palha | Marrom;316;-1,0000
Bolsa Prana | Marrom;313;0,0000
Bolsa Prana | Off;312;0,0000
Bolsa Prana | Preta;315;0,0000
Bolsa Prana | Verde;314;0,0000
Bota 7 Leguas Pta Pvc Capat 37;50;-4,0000
Brinco Pequeno | Prata;324;0,0000
Brinco Perola | Prata;325;0,0000
Brinco Prata Pedras | Cores;320;0,0000
Brownie De Chocolate;36;-9,0000
Burrata II | Grande;;0,0000
Burrata II | Media;;0,0000
Burrata II | Pequena;;0,0000
Caixa De Bombom Nestle 251G;98;-4,0000
Calca Trico | Off | G;243;0,0000
Calca Trico | Off | M;242;-3,0000
Calca Trico | Off | P;241;-1,0000
Camisa;;0,0000
CAMISA GOLA POLO | Azul | Pp;;0,0010
CAMISA POLO  | G;;0,0020
CAMISA POLO  | GG;;0,0020
CAMISA POLO  | M;;0,0020
CAMISA POLO  | P;;10,0000
Camisa Polo | 23216 | G;;0,0000
Camisa Polo | 23216 | GG;;0,0000
Camisa Polo | 23216 | M;;0,0000
Camisa Polo | 23216 | P;;-1,0000
Camisa Polo | 23223 | G;;0,0000
Camisa Polo | 23223 | GG;;0,0000
Camisa Polo | 23223 | M;;-3,0000
Camisa Polo | 23223 | P;;0,0000
Camisa Polo | 23230 | G;;0,0000
Camisa Polo | 23230 | GG;;0,0000
Camisa Polo | 23230 | M;;0,0000
Camisa Polo | 23230 | P;;0,0000
Camisa Polo | 23247 | G;;0,0000
Camisa Polo | 23247 | GG;;0,0000
Camisa Polo | 23247 | M;;0,0000
Camisa Polo | 23247 | P;;0,0000
Camisa Polo | 4074 | G;;0,0000
Camisa Polo | 4074 | GG;;0,0000
Camisa Polo | 4074 | M;;0,0000
Camisa Polo | 4074 | P;;0,0000
Camisa Polo | 4081 | G;;0,0000
Camisa Polo | 4081 | GG;;0,0000
Camisa Polo | 4081 | M;;0,0000
Camisa Polo | 4081 | P;;0,0000
Camisa Polo DS | Azul | G;;10,0000
Camisa Polo DS | Azul | GG;;10,0000
Camisa Polo DS | Azul | M;;10,0000
Camisa Polo DS | Azul | P;;10,0000
Camisa Polo DS | Branca | G;;10,0000
Camisa Polo DS | Branca | GG;;10,0000
Camisa Polo DS | Branca | M;;10,0000
Camisa Polo DS | Branca | P;;3,0000
Camisa Polo DS | Preta | G;;10,0000
Camisa Polo DS | Preta | GG;;10,0000
Camisa Polo DS | Preta | M;;10,0000
Camisa Polo DS | Preta | P;;10,0000
Camisa Polo DS | Verde | G;;10,0000
Camisa Polo DS | Verde | GG;;10,0000
Camisa Polo DS | Verde | M;;10,0000
Camisa Polo DS | Verde | P;;10,0000
Camisa Polo DS | vermelho | G;;10,0000
Camisa Polo DS | vermelho | GG;;10,0000
Camisa Polo DS | vermelho | M;;10,0000
Camisa Polo DS | vermelho | P;;10,0000
CAMISETA;;43,0000
CANETA AZUL;43;975,0000
caneta bic azul;;0,0000
Canga Prana | Cores;310;0,0000
Casquinha Recheada De Ovomaltine;37;-2,0000
Cebola;7;-3,0000
Cebola Crispy;15;-4,0000
Cebolinha  Cristal Pramesa 100G;56;0,0000
Cerejas Pramesa 120G;55;98,0000
Cerveja Therez?Polis Gold 500Ml;82;92,0000
Cerveja Therez?polis Gold 473Ml;61;100,0000
Cha Leao RCM;;-4,0000
Chapeu Pri | Cores;311;0,0000
CHARLIE BROW C/ SNOOPY;;0,0003
Cheddar;3;-4,0000
Cheetos 37G;106;0,0000
Chicken Burger;23;-15,0000
Choker | Cores;319;0,0000
Choker Luas | Prata;321;0,0000
Coador Zebina Arame 12,5Cm;103;-3,0000
Cobertura  Salsa;;-1,0000
Cobertura A?ucar com Canela;;-2,0000
Cobertura Banana com a??car;;0,0000
Cobertura Cheddar;;0,0000
Cobertura Chocolate branco;;-16,0000
Cobertura Chocolateao leite;;-1,0000
Cobertura Coco;;0,0000
Cobertura Doce de leite;;0,0000
Cobertura Napolitano;;0,0000
Cobertura Ovomaltine;;0,0000
Cobertura Queijo parmes?o;;0,0000
Cobertura Requeij?o;;0,0000
COCA COLA 2L;;-14,0000
Coca cola 3 litros;;50,0000
Coca-Cola Lata;;996,0000
Colar Prata | Cores;318;0,0000
Colar Prata Pedra | Cores;317;0,0000
Comp. L?Cteo Parmalat Max 380G;99;0,0000
Cond. Elseve Liso Dos Sonhos 200Ml;105;0,0000
CONJUNTO JULIA | Azul | G;;0,0000
CONJUNTO JULIA | Azul | M;;0,0000
CONJUNTO JULIA | Azul | P;;0,0000
CONJUNTO JULIA | ROSA | G;;0,0000
CONJUNTO JULIA | ROSA | M;;0,0000
CONJUNTO JULIA | ROSA | P;;0,0000
CONJUNTO JULIA | Verde | G;;0,0000
CONJUNTO JULIA | Verde | M;;20,0000
CONJUNTO JULIA | Verde | P;;20,0000
CONJUNTO LARA EM POLIAMIDA  | Azul | G;;0,0000
CONJUNTO LARA EM POLIAMIDA  | Azul | GG;;0,0000
CONJUNTO LARA EM POLIAMIDA  | Azul | M;;0,0000
CONJUNTO LARA EM POLIAMIDA  | Azul | P;;15,0000
CONJUNTO LARA EM POLIAMIDA  | Nud | G;;0,0000
CONJUNTO LARA EM POLIAMIDA  | Nud | GG;;0,0000
CONJUNTO LARA EM POLIAMIDA  | Nud | M;;0,0000
CONJUNTO LARA EM POLIAMIDA  | Nud | P;;0,0000
CONJUNTO LARA EM POLIAMIDA  | Preto | G;;0,0000
CONJUNTO LARA EM POLIAMIDA  | Preto | GG;;0,0000
CONJUNTO LARA EM POLIAMIDA  | Preto | M;;15,0000
CONJUNTO LARA EM POLIAMIDA  | Preto | P;;0,0000
CONJUNTO LARA EM POLIAMIDA  | Verde | G;;15,0000
CONJUNTO LARA EM POLIAMIDA  | Verde | GG;;0,0000
CONJUNTO LARA EM POLIAMIDA  | Verde | M;;0,0000
CONJUNTO LARA EM POLIAMIDA  | Verde | P;;0,0000
CONJUNTO LARA EM POLIAMIDA  | vermelho | G;;0,0000
CONJUNTO LARA EM POLIAMIDA  | vermelho | GG;;15,0000
CONJUNTO LARA EM POLIAMIDA  | vermelho | M;;0,0000
CONJUNTO LARA EM POLIAMIDA  | vermelho | P;;0,0000
C?pia -  Cobertura Chocolate branco;;0,0000
C?pia - Algod?o;;0,0000
C?pia - Amendoim Sem Pele Elma Chips;;0,0000
C?pia - Coca-Cola 2L;;0,0000
C?pia - MARGUERITA | Grande;;0,0000
C?pia - MARGUERITA | Media;;-2,0000
C?pia - MARGUERITA | Pequena;;0,0000
C?pia - REFRIGERANTE COCA-COLA LATA 350ML;;0,0000
C?pia - teste;;0,0000
CREME DE CABELO ELISA;;0,0010
CREME DE CABELO ELISA;;0,0000
Cropped Taiba | Cru | G;258;0,0000
Cropped Taiba | Cru | M;257;0,0000
Cropped Taiba | Cru | P;256;0,0000
DOCE DE LEITE PURO BALDE SANTA MARIA 4,6 KG;;4,0000
Doce de Leite Puro Santa Maria 1,2Kg;;11,0000
Doritos 48G;109;0,0000
Doritos 92G;107;0,0000
Double Cheeseburger;26;-1,0000
Downy Agua Fresca 500Ml;83;-33,0000
Dp-Brilhante Delicadeza Total 800G;112;-3,0000
ds;;0,0000
dsdsdssddsds;;0,0000
Elma A?ai Kg;;-5,0000
Ervilha Em Conserva;53;-1,0000
Escapulario | Prata;322;0,0000
ESPETINHO PICANHA;;-1,0000
FATHERS DAY TEE | Thdw5 Azul Marinho;;0,0000
FATHERS DAY TEE | Thxlg Vermelho;;0,0000
Fazendinha Wafer Limao;67;-1,0000
Fazendinha Wafer Limao;68;0,0000
Fazendinha Wafer Limao;69;0,0000
Feij?o;;-2,0000
File de Frango;;-7,0000
Fofura Cebola 80G;63;0,0000
Fralda Bem Estar Confort;101;0,0000
Fralda Bem Estar Confort G;102;0,0000
Garfo Plast. Refei??o Strawplast;73;-3,0000
Glock G17 9mm;;-2,0000
GROWUP-MOLETOM | G;;0,0000
GROWUP-MOLETOM | M;;0,0000
Guaran? Ant?rtica | Free Refil;40;-25,0000
Guaran? Ant?rtica | Free Refil;41;0,0000
Guaran? Ant?rtica | Grande;40;-57,0000
GUARANA JESUS;GJ;95,0000
H Top Nautical Mar/Bra/Mar/Mar 39/40;146;-2,0000
Hamb?rguer De Carne Bovina;2;-15,0000
HD SSD 240GB;;4,0000
HEINEKEIN LONG;;-19,0000
Hidratante;;6,0000
Hot Dog;;999992,0000
Ketchup;9;14,0000
Kimono Prana | Areia;277;0,0000
Kimono Prana | Off;276;0,0000
Kimono Prana | Preto;278;0,0000
Kimono Prana | Terra;279;0,0000
Kimono Prana | Verde;280;0,0000
KIT Amortecedor D;;0,0000
Kit Amortecedor DI;;100,0000
kit banho;;3,0000
KIT DE ACADEMIA | LILAS | Grande;;0,0000
kit final;;-4,0000
KIT PDV;;0,0000
Kitkat Dark;64;5,0000
Laranja;;0,0000
Lava Roupas Liq Tixan Ype Maciez 1L;115;0,0000
Lava Roupas Liquido Tixan Ype 1L;113;-2,0000
Lays 80G;120;0,0000
Lays Classica 80G;135;0,0000
Leite De Coco Imperial 24X200ml;58;-1,0000
Leite De Coco Imperial 500Ml;57;-1,0000
Lim?o;;0,0000
LIMPA TELAS IMPLASTEC 60ML;;49,0000
Mac Lanche;;0,0000
Mac lanche Feliz;;0,0000
Macacao Prana | Marrom;289;0,0000
Macacao Prana | Preto;288;0,0000
Macaquinho | Mostaza | G;226;0,0000
Macaquinho | Mostaza | M;225;0,0000
Macaquinho | Mostaza | P;224;0,0000
Macaquinho | Off | G;229;0,0000
Macaquinho | Off | M;228;0,0000
Macaquinho | Off | P;227;0,0000
Macaquinho | Verde | G;232;0,0000
Macaquinho | Verde | M;231;0,0000
Macaquinho | Verde | P;230;0,0000
Macarr?O Espaguete 8 Dona Benta 500G;74;-1,0000
Macarr?O Ninho 3 C/ Ovos Adria 500G;75;0,0000
Macarr?o Espaguete 8 Adria 750G;116;-1,0000
Macarr?o Parafuso Dona Benta 500G;117;0,0000
Maionese;8;0,0000
Mandioca Cascada Kg;0714.10.00;0,0000
MARGUERITA | Grande;;-4,5000
MARGUERITA | Media;;-1,0000
MARGUERITA | Pequena;;-1,0000
Marmitex Simples;;0,0000
Mega Burger;22;-9,0000
Milho;45;-1,0000
Milho Verde Quero Lata 280G;72;0,0000
Milk Shake Creme De Avel?;34;-2,0000
Milk Shake De Brownie;35;-3,0000
Molho American Burger;11;0,0000
Molho Barbecue;10;0,0000
Molho Secreto Da Casa;12;0,0000
Monte Seu Lanche.;44;-5,0000
Morango;;98,0000
Morango;;0,0000
Morango do Nordeste;;-1,0000
Mostarda;13;0,0000
motor de moto;;0,0000
MOUSE LEHMOX;;2,0000
MUSSARELA;;0,0000
nootebok;;0,0000
Onion Burger;27;0,0000
Onion Rings;16;0,0000
Onion Rings Crocante | Grande;30;-2,0000
Onion Rings Crocante | Grande;31;0,0000
Onion Rings Crocante | M?dio;30;-3,0000
Ouro 200 ml;;180,0000
Palmito De Palmeira Real Picado Green Gold 300G;59;0,0000
Pantacourt Lorena | Azul | G;249;0,0000
Pantacourt Lorena | Azul | M;248;0,0000
Pantacourt Lorena | Azul | P;247;0,0000
Pantacourt Lorena | Marrom | G;252;0,0000
Pantacourt Lorena | Marrom | M;251;0,0000
Pantacourt Lorena | Marrom | P;250;0,0000
Pantacourt Lorena | Off | G;246;0,0000
Pantacourt Lorena | Off | M;245;0,0000
Pantacourt Lorena | Off | P;244;0,0000
Pantalona Jade | Areia | G;217;0,0000
Pantalona Jade | Areia | M;216;0,0000
Pantalona Jade | Areia | P;215;0,0000
Pantalona Jade | Caramelo | G;214;0,0000
Pantalona Jade | Caramelo | M;213;0,0000
Pantalona Jade | Caramelo | P;212;0,0000
Pantalona Jade | Off | G;220;0,0000
Pantalona Jade | Off | M;219;0,0000
Pantalona Jade | Off | P;218;0,0000
P?o Com Gergelim;1;-2,0000
P?o De Brioche;18;0,0000
P?o de forma;0078812;94,0000
P?o Frances;;0,0000
P?o Tr?s Queijos;;-1,0000
Papel Best | Grande;;-2,0000
Papel Best | Pequena;;-5,0000
Papel Toalha Tootex;114;-1,0000
PASTA DE DENTE;;99,0000
Pastel de Abobrinha;;0,0000
Peito De Frango Empanado;19;-3,0000
Pelinha Efat 48G;145;0,0000
Pepsi | Free Refil;38;-18,0000
Pepsi | Free Refil;39;0,0000
Pepsi | Grande;38;-7,0000
Picles;4;0,0000
Pingente | Prata;323;-1,0000
Pipa Medial;;0,0000
Piraqu? Roladinho De Goiaba 75G;92;0,0000
Piraque Leite Maltado Choc. Com Avel? 85G;95;0,0000
Piraque Leite Maltado Choc. Maltado 85G;80;0,0000
pizza calabresa | G;;-1,0000
pizza calabresa | M;;0,0000
pizza calabresa | P;;-1,0000
pizza de Frango c/ Catupiry | Grande;;-1,0000
pizza de Frango c/ Catupiry | Media;;0,0000
pizza de Frango c/ Catupiry | M?dio;;-1,0000
pizza de Frango c/ Catupiry | Pequena;;0,0000
Pizza Mu?arela com Chocolate;;0,0000
Pizza Mu?arela com Chocolate e Confetes;;0,0000
PORTUGUESA | Grande;;-1,5000
PORTUGUESA | Media;;-1,0000
PORTUGUESA | Pequena;;-1,0000
Prato Refei??o por Kilo;;47,0120
Pretzel A??car e Canela;;0,0000
Pretzel de Chocolate com Confetes;;0,0000
Pretzel Mu?arela Palito;;0,0000
Pretzel Pizza Mu?arela;;-3,0000
Pretzels Banana com A??car;;0,0000
Pretzels Cheddar;;0,0000
Pretzels Chocolate ao Leite;;0,0000
Pretzels Chocolate Branco;;0,0000
Pretzels Chocolate com Avel?;;0,0000
Pretzels Doce de Leite;;0,0000
Pretzels Dog sem cobertura;;0,0000
Pretzels Napolitano;;0,0000
Pretzels Ovomaltine com Chocolate;;0,0000
Pretzels Queijo Parmes?o;;0,0000
Pretzels Requeij?o;;0,0000
Pretzels Salsa;;0,0000
Produto_teste1;;71,0000
Produto_teste2;;99,0000
Produto_teste3;;99,0000
produto-teste1;;10,0000
Pulled Pork Burger;25;0,0000
Queijo;17;-1,0000
RED LABEL;;-7,5000
REFRIGERANTE COCA-COLA LATA 350ML;;0,0250
REFRIGERANTE COROA COLA 2L;1069786;9,0000
Rosquinhas Marilan Coco 300G;54;19,0000
Ruffles 92G;118;0,0000
Ruffles Ceb E Salsa 76G;130;0,0000
Ruffles Ceb E Salsa 92G;119;0,0000
Ruffles Churrasco 32G;143;0,0000
Ruffles Churrasco 37G;108;0,0000
Ruffles Churrasco 37G;125;0,0000
Ruffles Churrasco 76G;129;0,0000
Ruffles Original 145G;138;0,0000
Ruffles Original 32G;142;0,0000
Ruffles Original 37G;121;0,0000
Ruffles Original 76G;131;0,0000
Ruffles Outback Steak House Costela Barbecue 65G;144;0,0000
Sab?O Em P? Brilhante Limp Total 800G;111;0,0000
sabonete;;6,0000
Saia Maresia | Azul | G;261;0,0000
Saia Maresia | Azul | M;260;0,0000
Saia Maresia | Azul | P;259;0,0000
Saia Prana | Areia;272;0,0000
Saia Prana | Azul;275;0,0000
Saia Prana | Marrom;271;0,0000
Saia Prana | Preta;274;0,0000
Saia Prana | Verde;273;0,0000
Saia Trico | Off | G;264;0,0000
Saia Trico | Off | M;263;0,0000
Saia Trico | Off | P;262;0,0000
Sandalia Meia Pata;;0,0000
Sandalia Meia Pata 2 | Branca | 33;;0,0000
Sandalia Meia Pata 2 | Branca | 34;;0,0000
Sandalia Meia Pata 2 | Branca | 35;;0,0000
Sandalia Meia Pata 2 | Branca | 36;;0,0000
Sandalia Meia Pata 2 | Preto | 33;;0,0000
Sandalia Meia Pata 2 | Preto | 34;;0,0000
Sandalia Meia Pata 2 | Preto | 35;;0,0000
Sandalia Meia Pata 2 | Preto | 36;;0,0000
shampoo;;6,0000
Shampoo Elseve Liso Dos Sonhos 200Ml;104;0,0000
Short Saia | Cinca | G;298;-1,0000
Short Saia | Cinca | M;297;-2,0000
Short Saia | Cinca | P;296;-1,0000
Short Saia | Cru | G;292;0,0000
Short Saia | Cru | M;291;0,0000
Short Saia | Cru | P;290;-1,0000
Short Saia | Marrom | G;301;0,0000
Short Saia | Marrom | M;300;-1,0000
Short Saia | Marrom | P;299;0,0000
Short Saia | Preto | G;295;0,0000
Short Saia | Preto | M;294;0,0000
Short Saia | Preto | P;293;0,0000
Short Saia | Verde | G;304;0,0000
Short Saia | Verde | M;303;0,0000
Short Saia | Verde | P;302;0,0000
Short Vicky | Off | G;236;0,0000
Short Vicky | Off | M;235;0,0000
Short Vicky | Off | P;234;0,0000
Short Vicky | Off | Pp;233;0,0000
Short Vicky | Preto | G;240;0,0000
Short Vicky | Preto | M;239;0,0000
Short Vicky | Preto | P;238;0,0000
Short Vicky | Preto | Pp;237;0,0000
Smash Salad;;0,0000
Stiksy 48G;122;0,0000
Suco;;0,0000
Suco Laranja Natural;42;-9,0000
Tenis Futsal Joma Top Flex;;0,0000
Tenis Futsal Joma Top Flex | Branco/amarelo | 39;;0,0010
Tenis Futsal Joma Top Flex | Branco/amarelo | 40;;0,0010
Tenis Futsal Joma Top Flex | Branco/amarelo | 41;;0,0010
Tenis Futsal Joma Top Flex | Preto/Vermelho | 39;;0,0010
Tenis Futsal Joma Top Flex | Preto/Vermelho | 40;;0,0010
Tenis Futsal Joma Top Flex | Preto/Vermelho | 41;;0,0010
teste;;5,0000
teste;;0,0000
TESTE;;0,0000
TESTE;;0,0000
Teste - Revenda 10 | 4074 | M?dio;;0,0000
Teste - Revenda 10 | azulado;;0,0000
teste kit 1;;0,0000
TESTE PRODUTO PACOTE;;-4,0000
TESTE PRODUTO UNIDADE;;49,0000
Teste produto X;;0,0000
TOCA DO MAMBIRA;;0,0000
Tomate;6;-1,0000
Tomate Seco;46;-1,0000
Top Prana | Cru | G;150;0,0000
Top Prana | Cru | G;153;0,0000
Top Prana | Cru | G;156;0,0000
Top Prana | Cru | M;149;0,0000
Top Prana | Cru | M;152;0,0000
Top Prana | Cru | M;155;0,0000
Top Prana | Cru | P;148;0,0000
Top Prana | Cru | P;151;0,0000
Top Prana | Cru | P;154;0,0000
Top Prana | Marrom | G;159;0,0000
Top Prana | Marrom | G;162;0,0000
Top Prana | Marrom | G;165;0,0000
Top Prana | Marrom | M;158;0,0000
Top Prana | Marrom | M;161;0,0000
Top Prana | Marrom | M;164;0,0000
Top Prana | Marrom | P;157;0,0000
Top Prana | Marrom | P;160;0,0000
Top Prana | Marrom | P;163;0,0000
Top Prana | Preto | G;177;0,0000
Top Prana | Preto | G;180;0,0000
Top Prana | Preto | G;183;0,0000
Top Prana | Preto | M;176;0,0000
Top Prana | Preto | M;179;0,0000
Top Prana | Preto | M;182;0,0000
Top Prana | Preto | P;175;0,0000
Top Prana | Preto | P;178;0,0000
Top Prana | Preto | P;181;0,0000
Top Prana | Verde | G;168;0,0000
Top Prana | Verde | G;171;0,0000
Top Prana | Verde | G;174;0,0000
Top Prana | Verde | M;167;0,0000
Top Prana | Verde | M;170;0,0000
Top Prana | Verde | M;173;0,0000
Top Prana | Verde | P;166;0,0000
Top Prana | Verde | P;169;0,0000
Top Prana | Verde | P;172;0,0000
Tortuguita Cookies Chocolate 60G;51;0,0000
Trakinas Chocolate 126G;89;0,0000
Trakinas Chocolate 126G;94;-1,0000
Trakinas Morango 126G;90;0,0000
Trakinas Rech Tutti Frutt 126G;97;0,0000
Triple Salad Burger;21;-1,0000
Umbuarana 500ml;;980,0000
Vegan Burger;20;-3,0000
VEGETARIANA | Grande;;-1,0000
VEGETARIANA | Media;;0,0000
VEGETARIANA | Pequena;;-2,0000
Ventilador Mallory 6 Paletas;86;0,0000
Vestido Amanda | Areia | G;223;0,0000
Vestido Amanda | Areia | M;222;-1,0000
Vestido Amanda | Areia | P;221;0,0000
Vestido Catarina | Azul | G;255;0,0000
Vestido Catarina | Azul | M;254;0,0000
Vestido Catarina | Azul | P;253;0,0000
Vestido Cecilia | Cru | G;208;0,0000
Vestido Cecilia | Cru | M;207;0,0000
Vestido Cecilia | Cru | P;206;0,0000
Vestido Cecilia | Cru | Pp;205;0,0000
Vestido Curto Amarracao | Areia;285;0,0000
Vestido Curto Amarracao | Marrom;286;0,0000
Vestido Curto Amarracao | Off;287;0,0000
Vestido Curto Amarracao | Preto;284;0,0000
Vestido Desiree | Marrom | G;198;0,0000
Vestido Desiree | Marrom | M;197;0,0000
Vestido Desiree | Marrom | P;196;0,0000
Vestido Deyse | Off | G;201;0,0000
Vestido Deyse | Off | M;200;0,0000
Vestido Deyse | Off | P;199;0,0000
Vestido Deyse | Preto | G;204;0,0000
Vestido Deyse | Preto | M;203;0,0000
Vestido Deyse | Preto | P;202;0,0000
Vestido Jangada | Azul | G;267;0,0000
Vestido Jangada | Azul | M;266;0,0000
Vestido Jangada | Azul | P;265;0,0000
Vestido Jangada | Azul Bic | G;270;0,0000
Vestido Jangada | Azul Bic | M;269;0,0000
Vestido Jangada | Azul Bic | P;268;0,0000
Vestido Melina | Acafrao | G;211;0,0000
Vestido Melina | Acafrao | M;210;0,0000
Vestido Melina | Acafrao | P;209;0,0000
Vestido Prana | Areia;281;0,0000
Vestido Prana | Marrom;282;0,0000
Vestido Prana | Preto;283;0,0000
Vestido Ravena | Curry | G;195;0,0000
Vestido Ravena | Curry | M;194;0,0000
Vestido Ravena | Curry | P;193;0,0000
Vestido Salvia | Abacate | G;189;0,0000
Vestido Salvia | Abacate | M;188;0,0000
Vestido Salvia | Abacate | P;187;0,0000
Vestido Salvia | Marrom | G;186;0,0000
Vestido Salvia | Marrom | M;185;0,0000
Vestido Salvia | Marrom | P;184;0,0000
Vestido Salvia | Sapoti | G;192;0,0000
Vestido Salvia | Sapoti | M;191;0,0000
Vestido Salvia | Sapoti | P;190;0,0000
Vinho Tinto Suave Pinheirense 4L;49;0,0000
Wafer Renata Chocolate 115G;81;0,0000
Wafer Renata Lim?O 115G;147;0,0000
Wafer Renata Morango 115G;78;0,0000
